City,X,Y
͌s,139.373234,35.571374
ls,139.642153,35.444668
s,139.491124,35.338859
s,139.703851,35.529666
{s,139.6722,35.281343
s,139.403638,35.333842
OYs,139.620459,35.144229
s,139.426189,35.437144
as,139.457891,35.487481
؎s,139.36247,35.442876
qs,139.54672,35.319236
ˎs,139.349479,35.33511
cs,139.152156,35.264563
͌,139.1084,35.147816
^ߒ,139.137116,35.15844
쒬,139.321717,35.528798
Ԏs,139.407657,35.488622
ɐs,139.31504,35.402932
J,139.123163,35.336421
CVs,139.390606,35.446431
쒬,139.383861,35.372958
쑫s,35.320963,139.099851
䒬,139.15656,35.326704
`s,139.219943,35.374738
,139.106915,35.232366
tR,139.586182,35.272087
sO,139.703851,35.529666
qs,139.5804,35.295594
Rk,139.084001,35.360979
钬,139.311367,35.306816
{,139.255537,35.299498
䒬,139.218631,35.331104
쑺,139.276262,35.482314
c,139.139008,35.348283
